order_id,order_date,product_id,region_id,customer_id,revenue,quantity,cost
O000001,2025-11-10,P006,R3,C0029,1808.26,2,1361.27
O000002,2024-07-22,P003,R1,C0059,314.06,1,256.17
O000003,2025-02-28,P004,R1,C0115,2030.53,7,1250.55
O000004,2024-04-19,P007,R4,C0007,4050.66,4,3275.57
O000005,2025-07-24,P004,R3,C0097,574.78,2,440.5
O000006,2025-03-29,P007,R4,C0058,9765.75,9,5790.82
O000007,2024-09-22,P004,R2,C0036,1546.53,5,1068.27
O000008,2025-03-26,P002,R1,C0018,237.31,5,152.04
O000009,2024-06-03,P004,R1,C0054,2129.51,7,1577.4
O000010,2025-02-21,P006,R4,C0050,7488.0,9,4244.29
O000011,2025-08-21,P001,R3,C0097,5525.98,7,4445.87
O000012,2025-02-03,P007,R2,C0063,10493.74,9,7318.92
O000013,2024-08-12,P005,R4,C0093,6356.52,7,4163.47
O000014,2024-06-18,P008,R4,C0076,421.16,3,292.37
O000015,2025-07-31,P001,R4,C0024,1643.05,2,963.88
O000016,2024-02-21,P005,R3,C0098,6110.25,7,4110.79
O000017,2025-01-23,P005,R1,C0096,5993.44,7,3428.94
O000018,2025-07-06,P001,R1,C0097,4442.9,6,2525.91
O000019,2024-02-01,P004,R2,C0017,1258.03,4,902.96
O000020,2025-04-29,P002,R3,C0022,201.26,4,124.62
O000021,2025-09-12,P002,R1,C0119,169.5,3,98.17
O000022,2024-11-15,P007,R2,C0014,8525.92,7,5145.81
O000023,2025-12-14,P005,R1,C0045,1954.21,2,1373.42
O000024,2025-06-29,P007,R1,C0109,5903.92,6,4279.38
O000025,2025-03-06,P008,R4,C0091,247.23,2,160.15
O000026,2024-06-05,P007,R3,C0079,3486.87,3,2826.73
O000027,2025-07-05,P008,R3,C0042,989.44,8,739.48
O000028,2024-09-08,P002,R4,C0073,277.36,5,170.81
O000029,2025-09-16,P007,R2,C0063,5839.14,6,4553.11
O000030,2024-08-05,P006,R3,C0072,4031.51,5,3175.57
O000031,2024-01-11,P004,R2,C0089,544.3,2,359.09
O000032,2025-05-02,P008,R2,C0052,1077.06,8,619.44
O000033,2025-12-09,P004,R3,C0055,1510.45,5,981.24
O000034,2025-07-17,P006,R3,C0030,5282.89,6,3292.02
O000035,2024-05-03,P004,R2,C0025,1581.13,6,1098.38
O000036,2024-08-09,P008,R3,C0013,662.69,5,539.22
O000037,2024-07-17,P005,R2,C0036,3521.38,4,2224.15
O000038,2024-02-16,P001,R4,C0014,6782.71,9,5459.43
O000039,2024-01-13,P005,R1,C0033,7252.28,8,4655.9
O000040,2025-05-04,P002,R1,C0020,99.04,2,56.45
O000041,2024-06-01,P005,R4,C0078,2042.09,2,1188.46
O000042,2025-09-02,P004,R3,C0111,2538.0,9,2018.46
O000043,2025-08-25,P007,R1,C0098,5589.98,5,3165.39
O000044,2024-07-31,P004,R2,C0071,1509.2,5,894.06
O000045,2024-03-17,P003,R4,C0038,345.26,1,254.16
O000046,2024-02-03,P004,R4,C0010,1525.69,5,1128.72
O000047,2025-12-04,P004,R2,C0055,1554.33,5,1117.2
O000048,2024-04-27,P004,R1,C0008,958.23,3,740.89
O000049,2024-06-18,P005,R3,C0090,4488.71,5,3036.83
O000050,2025-02-16,P005,R1,C0114,8281.37,9,5533.57
O000051,2025-03-18,P006,R1,C0098,3709.76,5,2269.67
O000052,2025-11-19,P005,R4,C0118,969.74,1,579.23
O000053,2024-10-11,P003,R1,C0061,2553.27,7,1743.29
O000054,2024-12-22,P007,R2,C0043,6309.59,6,3648.47
O000055,2025-02-25,P008,R1,C0059,653.19,5,429.88
O000056,2024-03-31,P006,R4,C0111,4014.05,5,3259.21
O000057,2025-06-10,P001,R3,C0080,7078.68,9,3996.87
O000058,2025-05-25,P008,R3,C0057,116.57,1,81.4
O000059,2025-12-16,P008,R2,C0091,222.43,2,160.17
O000060,2024-06-11,P005,R2,C0108,7228.58,9,4772.0
O000061,2024-04-26,P008,R3,C0066,260.36,2,154.02
O000062,2025-12-23,P005,R2,C0059,6899.63,7,5620.89
O000063,2025-07-18,P003,R2,C0111,2285.46,7,1626.86
O000064,2024-03-12,P005,R3,C0106,6129.74,7,4675.05
O000065,2024-01-03,P005,R4,C0111,4931.37,5,3484.4
O000066,2024-06-01,P008,R4,C0059,1126.57,9,720.73
O000067,2024-11-25,P004,R4,C0006,1182.25,4,724.79
O000068,2024-11-21,P008,R2,C0064,855.14,7,623.56
O000069,2024-02-07,P003,R1,C0112,3539.03,9,2263.7
O000070,2025-03-26,P002,R2,C0053,502.45,9,278.43
O000071,2025-11-01,P003,R3,C0080,701.03,2,569.02
O000072,2025-12-10,P007,R4,C0041,2387.86,2,1862.85
O000073,2025-10-03,P008,R3,C0030,1002.88,9,570.11
O000074,2024-04-02,P007,R1,C0057,2338.84,2,1730.86
O000075,2024-06-19,P005,R3,C0046,810.36,1,619.89
O000076,2025-01-18,P007,R2,C0022,3092.95,3,2045.23
O000077,2024-06-28,P002,R2,C0030,365.61,7,224.86
O000078,2025-04-17,P005,R4,C0116,6855.08,8,3787.69
O000079,2024-10-21,P003,R3,C0082,696.25,2,447.9
O000080,2025-03-10,P005,R4,C0110,7904.11,8,4772.41
O000081,2025-05-09,P002,R3,C0090,197.12,4,127.52
O000082,2024-10-29,P001,R1,C0117,5251.51,7,3690.77
O000083,2025-09-12,P008,R3,C0029,670.53,5,410.45
O000084,2025-10-13,P004,R2,C0081,1515.34,5,1128.4
O000085,2024-04-09,P001,R3,C0094,4248.83,5,2375.13
O000086,2024-05-14,P002,R2,C0017,243.01,5,160.92
O000087,2025-07-06,P006,R2,C0033,7554.06,9,4710.58
O000088,2025-05-08,P005,R1,C0019,5873.31,6,3973.0
O000089,2024-08-19,P007,R1,C0034,9572.32,9,7308.31
O000090,2025-07-03,P002,R3,C0075,392.97,8,295.61
O000091,2025-01-25,P006,R3,C0118,1749.5,2,1184.93
O000092,2025-09-16,P004,R3,C0084,600.14,2,405.31
O000093,2025-02-22,P002,R4,C0015,135.36,3,75.81
O000094,2024-04-09,P004,R4,C0076,2381.96,9,1601.83
O000095,2024-06-07,P007,R3,C0005,2378.17,2,1703.31
O000096,2025-12-07,P006,R3,C0013,3309.55,4,2669.65
O000097,2025-12-03,P006,R1,C0051,8290.54,9,6003.21
O000098,2024-10-09,P004,R1,C0085,644.57,2,497.95
O000099,2024-08-05,P001,R2,C0101,849.42,1,523.04
O000100,2025-08-01,P004,R2,C0105,627.68,2,439.15
O000101,2024-08-26,P006,R3,C0110,2694.11,3,1915.28
O000102,2024-05-28,P003,R1,C0017,2985.0,9,1782.39
O000103,2024-01-16,P006,R3,C0007,3428.62,4,1900.35
O000104,2024-05-09,P007,R4,C0100,8963.76,9,5083.89
O000105,2025-01-05,P002,R1,C0094,406.36,8,327.23
O000106,2025-11-05,P005,R4,C0109,7545.0,8,4213.21
O000107,2025-02-15,P007,R1,C0116,2193.96,2,1745.56
O000108,2024-03-23,P006,R3,C0049,2250.3,3,1404.76
O000109,2025-09-03,P005,R1,C0110,7300.0,8,4862.92
O000110,2025-11-01,P004,R3,C0106,2009.3,7,1229.08
O000111,2025-04-09,P007,R3,C0086,8128.19,7,5156.43
O000112,2024-09-18,P006,R1,C0107,2631.6,3,1784.36
O000113,2024-03-28,P002,R2,C0072,320.28,7,240.04
O000114,2024-03-02,P006,R4,C0112,1641.44,2,1289.97
O000115,2024-02-22,P005,R2,C0020,4391.46,5,3100.54
O000116,2025-11-03,P008,R3,C0015,545.19,4,351.39
O000117,2024-10-12,P004,R1,C0078,2204.5,7,1792.54
O000118,2025-11-04,P005,R3,C0118,840.24,1,621.55
O000119,2024-12-13,P006,R4,C0009,773.78,1,455.51
O000120,2024-05-25,P001,R4,C0059,1683.08,2,1023.46
O000121,2024-12-15,P003,R1,C0114,2021.51,6,1288.88
O000122,2024-02-23,P003,R1,C0035,1125.18,3,633.97
O000123,2025-03-29,P007,R2,C0097,9026.45,8,5973.97
O000124,2025-06-08,P002,R4,C0068,299.28,6,187.49
O000125,2025-11-14,P005,R1,C0001,849.15,1,692.74
O000126,2024-07-28,P005,R3,C0042,3882.75,4,2936.61
O000127,2024-05-02,P001,R4,C0069,6733.7,8,4022.97
O000128,2025-12-21,P004,R3,C0010,2651.72,9,1936.74
O000129,2025-02-10,P001,R3,C0074,4904.88,7,3917.6
O000130,2025-03-15,P007,R3,C0022,7301.97,7,4814.62
O000131,2025-09-24,P008,R2,C0056,678.19,6,527.64
O000132,2025-08-26,P007,R3,C0029,8879.27,9,6970.6
O000133,2024-12-07,P003,R2,C0116,708.09,2,411.25
O000134,2024-12-23,P006,R2,C0023,2355.02,3,1388.38
O000135,2025-09-08,P003,R4,C0060,650.67,2,493.64
O000136,2025-07-31,P008,R2,C0057,820.91,6,590.52
O000137,2024-03-10,P008,R1,C0046,1037.45,8,793.66
O000138,2025-06-03,P002,R3,C0107,251.37,5,140.81
O000139,2024-10-20,P002,R4,C0075,104.34,2,71.67
O000140,2025-07-21,P001,R2,C0042,6984.7,8,4919.65
O000141,2025-09-11,P008,R1,C0104,1034.59,9,586.31
O000142,2024-12-17,P002,R4,C0057,473.01,9,265.15
O000143,2025-06-20,P003,R4,C0100,2053.15,6,1286.05
O000144,2024-12-12,P001,R4,C0037,4258.98,6,2451.11
O000145,2024-09-15,P003,R3,C0040,1902.58,6,1387.31
O000146,2025-11-02,P007,R3,C0072,3375.24,3,2711.2
O000147,2025-01-20,P006,R1,C0083,2621.35,3,2028.45
O000148,2025-11-17,P007,R2,C0028,9562.79,9,6195.74
O000149,2024-12-15,P008,R1,C0038,469.1,4,275.43
O000150,2024-04-13,P001,R4,C0020,5200.58,6,3728.13
O000151,2024-06-15,P003,R3,C0087,1116.58,3,627.29
O000152,2024-08-31,P008,R2,C0069,666.95,5,507.97
O000153,2024-09-01,P005,R4,C0060,8008.43,8,4824.15
O000154,2024-10-15,P007,R2,C0103,9962.58,9,8078.58
O000155,2025-09-11,P003,R3,C0071,1572.86,5,1069.17
O000156,2024-04-15,P002,R4,C0116,227.99,5,135.26
O000157,2025-06-09,P003,R4,C0114,2225.84,7,1771.4
O000158,2024-12-23,P001,R2,C0050,4951.66,7,3394.57
O000159,2024-03-24,P006,R3,C0102,2969.71,4,2379.7
O000160,2024-05-29,P003,R2,C0098,334.79,1,259.14
O000161,2025-12-23,P008,R1,C0033,1033.52,8,821.22
O000162,2024-08-08,P003,R4,C0015,3519.55,9,2514.36
O000163,2024-10-22,P004,R4,C0009,1318.42,5,810.01
O000164,2024-04-23,P008,R2,C0092,997.51,9,687.44
O000165,2024-05-27,P005,R4,C0024,5603.39,7,3615.65
O000166,2025-11-11,P002,R1,C0050,509.61,9,289.6
O000167,2025-04-26,P001,R1,C0046,6209.19,7,3840.29
O000168,2024-03-10,P006,R3,C0018,3546.56,4,2552.21
O000169,2024-02-15,P006,R4,C0090,7253.42,9,5248.25
O000170,2025-05-05,P003,R4,C0005,946.54,3,718.96
O000171,2024-10-27,P004,R3,C0120,311.1,1,245.51
O000172,2024-11-13,P007,R2,C0037,9832.1,9,5504.87
O000173,2024-12-31,P001,R4,C0114,4499.83,6,3446.07
O000174,2025-02-13,P008,R4,C0048,845.05,7,507.4
O000175,2025-06-15,P005,R2,C0070,1923.47,2,1098.9
O000176,2024-10-27,P006,R3,C0058,1506.09,2,1097.11
O000177,2025-09-09,P007,R1,C0094,3451.45,3,2225.9
O000178,2024-12-27,P007,R1,C0010,5684.97,5,4341.61
O000179,2025-11-18,P007,R2,C0004,6618.59,6,4980.31
O000180,2024-05-26,P008,R3,C0047,114.2,1,70.09
O000181,2025-01-27,P001,R3,C0057,2485.66,3,2003.9
O000182,2024-03-19,P003,R3,C0032,3075.15,9,1952.36
O000183,2024-04-26,P001,R1,C0034,2381.09,3,1558.39
O000184,2024-09-23,P008,R4,C0026,563.47,4,353.36
O000185,2024-05-05,P003,R4,C0012,698.03,2,553.29
O000186,2025-11-29,P006,R3,C0115,5291.1,6,3695.83
O000187,2024-11-03,P003,R1,C0026,1135.32,3,780.38
O000188,2024-05-22,P004,R3,C0060,2055.31,8,1437.87
O000189,2025-07-18,P003,R4,C0068,631.48,2,415.2
O000190,2025-02-24,P007,R1,C0058,1998.21,2,1270.06
O000191,2025-04-22,P006,R2,C0099,2748.94,3,2091.04
O000192,2024-05-12,P007,R1,C0067,10887.65,9,6151.1
O000193,2024-06-05,P005,R2,C0045,2508.4,3,2012.69
O000194,2025-06-15,P005,R3,C0017,1711.67,2,1234.91
O000195,2025-10-02,P005,R2,C0022,7388.11,9,5342.1
O000196,2025-11-05,P006,R1,C0083,905.53,1,504.98
O000197,2025-08-13,P005,R1,C0064,3882.4,4,2572.01
O000198,2025-10-04,P005,R4,C0039,4537.38,5,3481.38
O000199,2025-04-09,P002,R4,C0027,46.52,1,30.81
O000200,2024-12-14,P003,R3,C0052,2305.67,6,1466.9
O000201,2024-05-13,P006,R4,C0016,7664.29,9,4875.72
O000202,2024-09-30,P008,R4,C0111,458.59,4,258.49
O000203,2025-09-22,P007,R3,C0120,4894.71,4,3884.56
O000204,2025-08-14,P006,R4,C0064,3571.26,4,2444.64
O000205,2024-11-11,P008,R4,C0031,113.09,1,74.21
O000206,2024-08-08,P006,R4,C0037,747.0,1,510.67
O000207,2025-07-03,P001,R3,C0098,1561.02,2,1230.49
O000208,2025-02-16,P006,R2,C0047,818.63,1,576.3
O000209,2025-07-20,P005,R3,C0106,1772.01,2,1190.07
O000210,2025-09-30,P002,R3,C0072,169.88,3,111.5
O000211,2025-01-09,P003,R1,C0006,1447.87,4,953.24
O000212,2024-02-09,P003,R2,C0078,2275.95,6,1570.91
O000213,2025-06-11,P003,R4,C0079,2341.79,6,1489.39
O000214,2024-11-02,P006,R3,C0061,8155.35,9,5657.63
O000215,2024-01-18,P006,R3,C0102,5247.23,6,4274.25
O000216,2025-12-05,P001,R2,C0093,5987.86,8,4353.23
O000217,2024-02-22,P008,R4,C0019,379.19,3,282.39
O000218,2025-11-28,P004,R2,C0003,295.62,1,218.5
O000219,2025-03-27,P006,R4,C0065,5373.52,7,3957.25
O000220,2025-09-18,P008,R3,C0085,131.96,1,91.06
O000221,2025-05-04,P007,R3,C0070,7332.41,6,4942.84
O000222,2024-12-28,P005,R3,C0029,6742.95,8,4157.43
O000223,2024-10-31,P005,R4,C0045,3814.19,4,2601.4
O000224,2025-07-27,P005,R4,C0115,4136.12,5,3030.49
O000225,2025-02-08,P006,R1,C0045,2388.28,3,1499.03
O000226,2025-03-28,P005,R3,C0120,6781.57,8,5245.86
O000227,2025-07-29,P005,R2,C0032,2473.24,3,1855.03
O000228,2024-02-21,P004,R4,C0013,1035.08,4,684.8
O000229,2025-11-28,P003,R2,C0053,393.15,1,320.04
O000230,2025-10-30,P008,R3,C0042,1042.15,8,785.88
O000231,2024-10-19,P001,R1,C0117,1646.75,2,1008.96
O000232,2024-06-28,P007,R4,C0101,3647.89,3,2042.13
O000233,2025-05-22,P003,R1,C0119,1927.97,5,1065.21
O000234,2024-12-09,P005,R4,C0114,8159.79,8,5684.85
O000235,2024-05-17,P008,R2,C0094,581.2,5,337.34
O000236,2025-04-14,P005,R3,C0073,2409.8,3,1544.73
O000237,2025-11-21,P004,R4,C0106,895.01,3,646.61
O000238,2025-03-13,P006,R2,C0062,1637.36,2,942.72
O000239,2024-11-27,P004,R3,C0043,273.53,1,167.84
O000240,2024-11-05,P001,R1,C0086,4118.2,5,3035.31
O000241,2024-05-01,P008,R3,C0089,576.13,5,423.59
O000242,2024-04-30,P005,R2,C0062,5620.46,6,3423.79
O000243,2024-06-05,P008,R4,C0097,738.45,6,515.65
O000244,2025-07-04,P004,R1,C0068,1213.01,4,862.29
O000245,2025-04-02,P006,R2,C0074,1848.7,2,1072.79
O000246,2025-07-03,P003,R1,C0088,1015.02,3,700.86
O000247,2024-07-29,P008,R1,C0059,275.76,2,184.84
O000248,2024-05-15,P007,R3,C0093,8933.84,8,6261.51
O000249,2024-01-23,P007,R1,C0006,5922.3,5,4449.82
O000250,2025-03-09,P006,R1,C0120,1694.79,2,959.71
O000251,2025-04-28,P001,R4,C0048,3881.18,5,2940.47
O000252,2025-01-26,P008,R2,C0084,852.91,7,626.32
O000253,2024-12-22,P002,R2,C0094,170.54,3,111.9
O000254,2024-08-16,P001,R4,C0069,886.53,1,598.42
O000255,2025-01-23,P004,R2,C0120,1150.74,4,681.1
O000256,2024-04-25,P001,R1,C0031,5712.95,7,4586.27
O000257,2024-07-30,P002,R1,C0032,103.82,2,69.62
O000258,2024-02-15,P007,R1,C0018,8226.73,8,5007.3
O000259,2025-05-30,P005,R3,C0074,3925.81,4,2934.58
O000260,2025-09-04,P006,R2,C0053,3193.63,4,1880.03
O000261,2024-11-03,P005,R2,C0081,923.87,1,655.72
O000262,2025-11-26,P007,R4,C0101,9885.73,9,8032.34
O000263,2025-06-21,P006,R2,C0097,5741.4,7,3622.65
O000264,2025-07-04,P008,R2,C0104,545.44,4,344.28
O000265,2025-04-19,P001,R2,C0050,6992.77,9,4632.41
O000266,2024-09-05,P005,R4,C0109,3494.16,4,1996.38
O000267,2025-01-14,P002,R3,C0049,481.75,9,289.74
O000268,2025-11-20,P001,R2,C0062,1467.0,2,1108.55
O000269,2024-08-01,P006,R2,C0095,4662.46,5,2583.66
O000270,2024-04-30,P008,R4,C0118,526.6,4,389.69
O000271,2024-09-02,P006,R3,C0040,4072.76,5,2826.84
O000272,2024-09-24,P006,R4,C0098,8255.76,9,5579.42
O000273,2024-11-23,P004,R2,C0095,1663.32,6,935.36
O000274,2024-05-29,P001,R4,C0038,4021.03,5,2845.64
O000275,2024-06-05,P004,R2,C0064,1628.08,6,1145.91
O000276,2025-07-17,P006,R4,C0059,4464.32,5,3044.34
O000277,2024-06-21,P006,R2,C0118,2295.9,3,1601.55
O000278,2025-07-09,P001,R1,C0098,6332.56,9,4930.58
O000279,2024-01-07,P007,R2,C0002,3574.37,3,2189.26
O000280,2024-08-11,P008,R4,C0085,673.1,6,486.1
O000281,2025-05-14,P001,R1,C0068,800.12,1,528.93
O000282,2024-10-08,P005,R4,C0104,911.76,1,673.26
O000283,2024-07-02,P002,R3,C0105,102.1,2,62.8
O000284,2024-12-28,P005,R4,C0073,5723.89,7,4630.69
O000285,2024-09-06,P004,R1,C0012,1517.57,5,1182.07
O000286,2025-02-19,P007,R1,C0090,7796.06,7,4405.95
O000287,2024-06-24,P002,R3,C0073,440.18,8,318.75
O000288,2024-04-07,P001,R4,C0035,2952.02,4,2315.54
O000289,2024-02-17,P002,R1,C0023,278.45,5,195.51
O000290,2024-11-18,P001,R4,C0119,3242.94,4,2442.29
O000291,2024-03-19,P005,R4,C0087,2776.44,3,1951.86
O000292,2025-07-07,P006,R1,C0065,6238.94,7,3667.17
O000293,2024-12-20,P001,R3,C0078,1563.4,2,1213.89
O000294,2025-09-20,P007,R4,C0063,5840.63,6,3643.38
O000295,2024-08-21,P006,R4,C0011,8363.18,9,5574.89
O000296,2025-09-25,P005,R2,C0049,3834.53,4,2193.93
O000297,2025-12-29,P003,R1,C0040,2361.47,7,1366.75
O000298,2025-03-31,P006,R4,C0058,3787.89,5,2172.62
O000299,2025-07-24,P007,R1,C0077,1945.07,2,1255.65
O000300,2025-09-04,P006,R1,C0093,5174.29,7,3423.98
O000301,2025-07-26,P004,R2,C0035,2403.59,9,1569.06
O000302,2024-11-04,P005,R3,C0054,6660.57,8,3964.01
O000303,2024-11-02,P008,R4,C0077,242.8,2,195.44
O000304,2025-09-23,P004,R4,C0043,2101.04,8,1328.4
O000305,2025-09-27,P007,R2,C0039,6501.34,6,4331.62
O000306,2024-11-24,P004,R3,C0038,2218.48,8,1797.93
O000307,2025-12-12,P008,R4,C0047,481.27,4,301.12
O000308,2024-04-26,P004,R1,C0094,2410.19,9,1825.13
O000309,2025-04-17,P004,R1,C0105,2492.52,8,1930.32
O000310,2025-02-22,P008,R2,C0092,389.22,3,239.5
O000311,2025-03-09,P007,R4,C0069,2171.86,2,1545.15
O000312,2025-06-02,P007,R1,C0014,8778.18,9,7123.28
O000313,2024-09-11,P006,R4,C0097,2607.16,3,1465.12
O000314,2024-12-05,P007,R2,C0058,1936.64,2,1200.44
O000315,2025-01-18,P007,R2,C0045,9381.04,8,6650.4
O000316,2024-01-26,P008,R1,C0015,238.77,2,190.67
O000317,2024-05-25,P006,R4,C0045,4034.3,5,3073.14
O000318,2025-05-02,P002,R1,C0039,427.96,8,287.66
O000319,2024-02-15,P002,R2,C0120,55.07,1,39.92
O000320,2024-09-06,P003,R4,C0030,2914.83,9,2043.76
O000321,2025-02-18,P003,R1,C0095,1095.73,3,730.5
O000322,2025-09-20,P004,R2,C0027,2376.06,8,1556.29
O000323,2024-10-12,P002,R3,C0042,108.91,2,75.69
O000324,2024-07-20,P008,R3,C0077,236.74,2,185.35
O000325,2025-02-01,P007,R2,C0105,2117.61,2,1648.11
O000326,2025-11-20,P005,R2,C0040,1899.04,2,1205.06
O000327,2024-04-29,P003,R4,C0077,2218.83,6,1526.38
O000328,2024-05-21,P007,R2,C0072,7107.18,7,5128.44
O000329,2024-06-19,P008,R4,C0080,573.15,5,363.91
O000330,2024-02-24,P006,R4,C0072,835.82,1,503.74
O000331,2025-06-01,P008,R4,C0063,919.21,7,608.72
O000332,2024-06-20,P002,R1,C0036,54.41,1,33.17
O000333,2024-08-18,P005,R4,C0071,2920.99,3,2052.65
O000334,2025-06-07,P002,R3,C0070,95.75,2,66.7
O000335,2024-02-12,P008,R2,C0039,1053.26,9,700.2
O000336,2024-02-03,P008,R4,C0111,605.07,5,466.22
O000337,2024-04-30,P004,R3,C0111,1249.95,4,885.89
O000338,2025-12-28,P007,R2,C0104,3392.22,3,2584.56
O000339,2024-03-01,P006,R3,C0091,7147.59,9,4970.92
O000340,2024-10-26,P005,R1,C0018,5059.08,5,3485.16
O000341,2025-02-25,P001,R2,C0032,4324.77,5,2526.79
O000342,2024-05-29,P006,R4,C0019,3569.91,4,2615.26
O000343,2025-08-14,P005,R1,C0052,6184.65,7,3527.66
O000344,2025-06-11,P005,R1,C0112,5407.18,6,3686.46
O000345,2024-04-05,P008,R4,C0028,818.31,6,625.87
O000346,2025-03-15,P004,R3,C0071,2192.61,8,1696.32
O000347,2025-08-14,P003,R1,C0006,3023.8,8,2393.1
O000348,2024-04-11,P008,R4,C0059,114.14,1,89.21
O000349,2024-01-01,P007,R3,C0021,4930.12,4,3922.11
O000350,2024-10-07,P002,R2,C0007,285.95,6,185.98
O000351,2025-02-09,P005,R1,C0001,3582.15,4,2058.39
O000352,2024-08-06,P008,R4,C0002,228.8,2,139.81
O000353,2024-01-09,P006,R2,C0062,1877.73,2,1246.86
O000354,2024-03-13,P004,R1,C0041,1829.66,7,1404.46
O000355,2025-01-11,P005,R2,C0083,2655.6,3,2043.77
O000356,2025-11-24,P003,R2,C0057,711.54,2,392.98
O000357,2024-12-25,P004,R4,C0111,960.67,3,688.17
O000358,2024-08-10,P002,R4,C0045,92.58,2,54.0
O000359,2025-03-15,P006,R2,C0071,2362.09,3,1710.27
O000360,2025-09-07,P005,R3,C0027,988.59,1,719.47
O000361,2025-06-14,P004,R2,C0064,1931.93,7,1091.03
O000362,2025-01-30,P002,R1,C0047,202.97,4,144.18
O000363,2024-11-20,P003,R3,C0070,2689.55,7,1892.0
O000364,2025-11-30,P003,R1,C0076,3138.29,8,2378.82
O000365,2024-03-10,P001,R4,C0065,3694.21,5,2952.03
O000366,2024-10-20,P007,R2,C0036,8075.99,7,4621.53
O000367,2024-03-26,P005,R2,C0069,1827.56,2,1105.42
O000368,2024-11-30,P007,R2,C0008,2097.36,2,1401.29
O000369,2024-09-07,P002,R1,C0040,321.96,7,230.3
O000370,2025-11-13,P003,R1,C0021,622.34,2,365.34
O000371,2025-05-23,P006,R3,C0022,7582.47,9,5854.25
O000372,2025-01-15,P003,R1,C0043,1866.03,5,1085.8
O000373,2025-03-15,P005,R1,C0064,7328.99,9,5440.51
O000374,2025-04-11,P006,R3,C0021,838.89,1,589.79
O000375,2024-09-18,P002,R1,C0110,94.77,2,65.14
O000376,2024-01-13,P004,R2,C0023,288.47,1,188.49
O000377,2024-02-06,P007,R3,C0035,4207.19,4,2786.8
O000378,2024-03-20,P006,R2,C0029,1678.78,2,1332.15
O000379,2025-06-12,P001,R3,C0100,4972.9,7,3359.57
O000380,2024-11-14,P006,R2,C0038,1699.67,2,938.48
O000381,2025-07-31,P005,R4,C0099,3612.99,4,2564.34
O000382,2024-07-19,P004,R2,C0070,766.51,3,506.44
O000383,2024-12-20,P001,R3,C0014,4184.11,6,3043.82
O000384,2024-07-29,P004,R2,C0092,2029.37,7,1148.97
O000385,2024-10-13,P002,R4,C0090,55.96,1,44.34
O000386,2025-01-16,P008,R4,C0010,256.26,2,175.91
O000387,2025-08-29,P001,R3,C0034,5777.36,7,3381.44
O000388,2024-11-18,P007,R1,C0026,6304.76,6,3930.56
O000389,2024-05-19,P002,R3,C0053,137.6,3,92.38
O000390,2024-05-03,P006,R1,C0012,3316.53,4,2239.0
O000391,2024-06-10,P005,R2,C0012,847.93,1,662.47
O000392,2025-12-29,P004,R3,C0034,1698.74,6,956.76
O000393,2024-06-27,P001,R2,C0013,6037.81,7,4227.12
O000394,2025-04-18,P002,R2,C0017,138.19,3,78.31
O000395,2024-07-21,P007,R1,C0075,6897.3,6,5539.53
O000396,2025-08-23,P005,R4,C0104,1609.96,2,913.5
O000397,2024-05-11,P002,R1,C0022,276.45,6,222.38
O000398,2025-08-10,P007,R4,C0023,7689.85,7,5024.06
O000399,2024-12-28,P004,R2,C0005,823.6,3,552.16
O000400,2025-09-20,P004,R4,C0008,1451.98,5,1144.67
O000401,2024-03-30,P005,R2,C0081,5814.47,7,3511.09
O000402,2025-07-10,P001,R4,C0045,5939.29,7,3842.48
O000403,2025-08-02,P006,R2,C0004,5543.98,7,3088.2
O000404,2024-10-14,P001,R2,C0021,6396.66,8,4842.57
O000405,2024-04-12,P004,R1,C0098,1095.74,4,844.15
O000406,2024-08-12,P007,R2,C0023,7297.85,6,5967.57
O000407,2024-08-30,P006,R3,C0073,5542.11,6,3090.37
O000408,2025-07-31,P003,R4,C0070,1528.58,4,1175.19
O000409,2024-11-12,P003,R2,C0003,2506.78,8,1416.75
O000410,2025-06-23,P008,R2,C0044,120.5,1,86.26
O000411,2024-06-30,P006,R2,C0100,741.14,1,525.01
O000412,2024-04-23,P006,R4,C0076,1626.21,2,1307.99
O000413,2024-04-13,P006,R4,C0102,4013.36,5,3264.8
O000414,2025-10-16,P008,R3,C0029,694.02,6,563.24
O000415,2025-11-12,P003,R2,C0023,2355.53,7,1733.42
O000416,2024-01-02,P007,R2,C0082,1014.33,1,645.03
O000417,2025-08-02,P002,R2,C0045,370.4,8,278.26
O000418,2024-11-23,P003,R3,C0058,761.7,2,556.73
O000419,2024-01-12,P005,R3,C0101,3422.4,4,1944.97
O000420,2024-04-20,P001,R2,C0114,771.8,1,577.15
O000421,2025-02-27,P008,R4,C0101,847.67,7,552.12
O000422,2025-08-14,P004,R1,C0038,861.07,3,659.39
O000423,2024-01-21,P006,R2,C0114,4656.98,5,2654.64
O000424,2025-01-19,P003,R1,C0044,714.39,2,566.15
O000425,2025-08-31,P008,R4,C0021,123.55,1,89.76
O000426,2024-02-24,P002,R3,C0085,282.62,6,169.94
O000427,2024-10-15,P005,R4,C0020,3285.82,4,2155.77
O000428,2024-02-25,P006,R4,C0026,824.16,1,518.83
O000429,2024-04-09,P001,R1,C0061,2920.58,4,1836.43
O000430,2024-04-28,P005,R3,C0012,6333.66,7,5013.83
O000431,2025-10-19,P007,R2,C0058,3194.99,3,2086.3
O000432,2024-02-15,P005,R3,C0073,7228.0,8,4416.93
O000433,2024-03-04,P003,R4,C0097,634.92,2,408.14
O000434,2025-08-26,P004,R4,C0069,2334.34,9,1527.87
O000435,2025-12-04,P008,R1,C0065,499.71,4,285.49
O000436,2025-08-07,P003,R2,C0028,783.68,2,526.04
O000437,2024-07-16,P003,R4,C0026,346.54,1,283.07
O000438,2025-10-04,P003,R1,C0012,1688.09,5,1259.85
O000439,2025-02-01,P007,R4,C0118,9476.62,9,5918.85
O000440,2024-01-13,P007,R1,C0119,2153.29,2,1270.47
O000441,2024-04-18,P002,R4,C0034,276.48,5,217.77
O000442,2025-01-27,P008,R2,C0080,891.83,8,556.82
O000443,2025-09-15,P007,R2,C0007,1071.64,1,843.72
O000444,2025-05-01,P005,R3,C0040,4827.8,6,3720.76
O000445,2024-10-14,P008,R3,C0096,280.27,2,171.4
O000446,2025-03-29,P006,R1,C0025,4428.96,5,3159.37
O000447,2025-03-28,P004,R3,C0106,2152.82,7,1625.52
O000448,2024-02-27,P003,R2,C0100,673.75,2,462.75
O000449,2025-06-20,P001,R1,C0032,2203.18,3,1707.22
O000450,2024-02-03,P008,R3,C0048,138.47,1,102.5
O000451,2025-04-20,P007,R4,C0077,2296.36,2,1413.0
O000452,2025-04-01,P003,R2,C0108,2885.01,8,1859.2
O000453,2024-09-21,P002,R2,C0110,224.49,5,126.48
O000454,2024-08-14,P004,R1,C0111,1096.46,4,724.29
O000455,2025-11-29,P001,R1,C0029,6988.52,8,5065.21
O000456,2024-09-15,P005,R3,C0059,4471.66,5,2913.95
O000457,2024-09-15,P004,R4,C0075,2211.66,8,1527.31
O000458,2024-04-14,P001,R3,C0072,8015.29,9,6500.01
O000459,2025-10-24,P005,R3,C0036,4761.27,5,3237.99
O000460,2025-10-17,P006,R3,C0025,3950.48,5,2931.24
O000461,2024-06-02,P004,R4,C0085,312.11,1,239.28
O000462,2024-11-23,P003,R3,C0117,366.53,1,300.3
O000463,2025-03-04,P007,R2,C0044,8141.55,7,5759.47
O000464,2025-12-31,P004,R3,C0065,2702.47,9,1833.49
O000465,2024-11-03,P003,R2,C0095,2931.11,9,1689.35
O000466,2024-09-21,P003,R2,C0096,2198.67,6,1341.21
O000467,2024-11-10,P007,R4,C0109,6391.05,6,4525.53
O000468,2024-04-30,P008,R1,C0061,136.88,1,96.85
O000469,2024-07-18,P002,R2,C0018,357.82,7,236.71
O000470,2024-07-24,P006,R4,C0019,6570.66,7,5197.84
O000471,2024-11-19,P003,R2,C0041,704.15,2,507.25
O000472,2025-10-11,P001,R2,C0074,784.6,1,475.89
O000473,2024-06-11,P008,R4,C0052,228.59,2,152.49
O000474,2025-03-15,P008,R3,C0002,773.32,7,536.78
O000475,2024-11-25,P004,R2,C0029,303.0,1,217.92
O000476,2025-12-11,P006,R3,C0022,3815.21,5,2493.46
O000477,2024-03-07,P001,R3,C0056,4403.59,5,2964.06
O000478,2025-12-04,P003,R2,C0022,2375.26,6,1620.75
O000479,2025-02-17,P001,R2,C0094,2962.01,4,2416.76
O000480,2024-01-23,P003,R1,C0049,683.3,2,495.83
O000481,2025-10-17,P005,R1,C0085,8447.71,9,6000.91
O000482,2024-04-20,P001,R4,C0016,830.62,1,550.31
O000483,2025-07-14,P005,R1,C0039,7649.07,8,4631.39
O000484,2025-03-06,P002,R2,C0054,431.11,9,307.61
O000485,2024-04-17,P002,R2,C0078,229.85,5,133.01
O000486,2024-07-23,P005,R4,C0038,9147.79,9,5915.32
O000487,2024-06-13,P001,R4,C0043,7138.59,9,4326.54
O000488,2024-08-28,P001,R4,C0020,827.12,1,657.44
O000489,2024-04-02,P002,R4,C0038,111.52,2,80.74
O000490,2024-09-27,P008,R1,C0110,113.39,1,67.71
O000491,2024-10-24,P006,R1,C0002,4942.98,6,2873.32
O000492,2024-05-21,P003,R3,C0113,2045.23,6,1366.59
O000493,2024-04-05,P006,R4,C0035,4644.47,6,3057.04
O000494,2025-01-29,P008,R1,C0017,911.52,7,697.46
O000495,2025-12-13,P001,R4,C0103,2151.45,3,1712.62
O000496,2025-08-05,P008,R1,C0111,387.2,3,294.42
O000497,2025-12-01,P003,R4,C0057,3114.83,8,1808.14
O000498,2024-02-17,P002,R2,C0086,263.33,5,145.71
O000499,2024-12-12,P002,R3,C0085,369.25,7,227.87
O000500,2025-11-23,P007,R1,C0002,3571.55,3,2502.77
O000501,2025-10-20,P003,R2,C0010,3448.71,9,2690.01
O000502,2025-05-18,P006,R2,C0071,3217.48,4,2011.25
O000503,2025-10-20,P007,R4,C0103,8292.44,7,4737.34
O000504,2025-08-09,P008,R1,C0064,273.17,2,183.22
O000505,2025-10-31,P001,R1,C0106,1550.37,2,867.7
O000506,2024-04-03,P005,R4,C0044,8326.08,9,6050.9
O000507,2025-01-07,P001,R4,C0092,3442.21,4,2201.75
O000508,2025-11-03,P006,R2,C0001,6079.93,8,4590.45
O000509,2024-12-15,P006,R1,C0006,4243.66,5,2762.41
O000510,2024-06-17,P008,R4,C0014,406.55,3,305.11
O000511,2024-09-17,P004,R2,C0059,1054.42,4,822.55
O000512,2024-07-14,P006,R1,C0099,1783.19,2,1003.14
O000513,2025-04-06,P008,R1,C0071,1030.12,9,705.31
O000514,2025-03-19,P008,R2,C0094,1208.42,9,961.6
O000515,2024-05-11,P002,R3,C0065,368.88,7,263.26
O000516,2025-01-28,P007,R3,C0058,4155.48,4,3366.65
O000517,2024-05-16,P003,R3,C0108,2533.82,7,2000.04
O000518,2025-12-19,P006,R3,C0088,7794.93,9,4710.01
O000519,2024-12-19,P003,R3,C0091,1060.44,3,782.04
O000520,2024-04-28,P006,R4,C0087,7514.6,9,5290.82
O000521,2025-06-30,P005,R1,C0049,6858.53,7,4740.18
O000522,2024-05-28,P001,R2,C0037,735.78,1,553.71
O000523,2025-11-30,P005,R3,C0027,2960.09,3,2179.99
O000524,2025-07-08,P001,R2,C0096,5128.13,6,2962.36
O000525,2025-10-24,P007,R3,C0089,4410.07,4,3374.34
O000526,2025-11-11,P001,R3,C0071,5404.77,7,4368.73
O000527,2024-02-25,P001,R4,C0107,3681.96,5,2888.83
O000528,2024-08-18,P006,R2,C0038,7989.9,9,4818.28
O000529,2025-04-04,P003,R1,C0049,652.36,2,389.41
O000530,2024-02-11,P007,R3,C0001,5573.84,5,3261.35
O000531,2024-12-04,P008,R1,C0100,334.67,3,267.98
O000532,2025-10-02,P005,R1,C0101,7805.61,8,5452.56
O000533,2025-12-25,P006,R1,C0101,7035.02,9,4218.51
O000534,2025-06-01,P003,R3,C0029,2497.98,7,1645.98
O000535,2024-08-06,P006,R4,C0072,4862.93,6,2961.43
O000536,2025-10-26,P001,R2,C0006,1653.19,2,1108.18
O000537,2025-11-29,P006,R4,C0033,6468.59,7,5208.16
O000538,2025-07-07,P005,R3,C0066,1002.69,1,774.05
O000539,2025-06-04,P008,R2,C0042,893.4,8,708.05
O000540,2025-06-10,P002,R1,C0081,93.26,2,75.37
O000541,2024-03-08,P004,R1,C0027,1265.32,4,840.85
O000542,2025-07-04,P007,R4,C0092,2331.61,2,1379.18
O000543,2024-12-05,P001,R3,C0072,1422.5,2,850.74
O000544,2024-03-13,P004,R4,C0056,1419.65,5,953.73
O000545,2024-11-19,P001,R1,C0097,5792.07,7,4022.04
O000546,2025-08-22,P001,R3,C0101,1532.66,2,1051.05
O000547,2025-12-03,P005,R4,C0051,1725.41,2,1380.68
O000548,2025-11-07,P001,R4,C0102,5818.7,8,3545.7
O000549,2025-07-12,P005,R3,C0002,2599.15,3,2051.99
O000550,2025-07-20,P003,R4,C0069,627.35,2,442.05
O000551,2025-07-14,P002,R3,C0028,235.79,5,176.89
O000552,2025-02-26,P003,R3,C0025,977.77,3,700.63
O000553,2024-04-27,P003,R4,C0083,383.41,1,307.4
O000554,2025-07-16,P002,R2,C0093,264.36,5,163.29
O000555,2025-08-17,P008,R2,C0013,727.66,6,532.1
O000556,2024-10-18,P002,R3,C0089,193.97,4,130.28
O000557,2025-08-21,P003,R2,C0001,2277.88,6,1842.44
O000558,2024-11-16,P004,R3,C0108,1222.03,4,883.56
O000559,2025-01-03,P003,R3,C0100,2314.15,6,1561.98
O000560,2024-11-08,P008,R1,C0108,1023.0,9,740.96
O000561,2024-10-14,P003,R1,C0094,2942.97,9,2201.51
O000562,2024-03-18,P001,R4,C0099,7374.33,9,5673.91
O000563,2025-08-27,P004,R4,C0084,294.13,1,204.93
O000564,2024-06-01,P006,R3,C0018,5476.48,7,4153.8
O000565,2025-04-20,P002,R2,C0109,343.44,7,189.87
O000566,2025-09-20,P003,R2,C0095,2899.51,9,1719.38
O000567,2025-05-10,P006,R1,C0034,781.44,1,532.68
O000568,2025-01-13,P004,R3,C0050,302.42,1,208.62
O000569,2025-04-25,P008,R1,C0091,111.55,1,80.89
O000570,2025-06-17,P005,R4,C0084,4643.71,5,3268.91
O000571,2025-01-22,P006,R2,C0067,1684.76,2,1097.8
O000572,2025-02-19,P006,R1,C0065,5017.71,6,3412.89
O000573,2024-05-22,P008,R3,C0028,352.14,3,242.6
O000574,2024-06-02,P003,R1,C0085,1023.83,3,761.39
O000575,2024-08-23,P007,R4,C0062,6951.96,6,4727.4
O000576,2024-08-03,P003,R2,C0018,2184.07,7,1226.68
O000577,2025-10-06,P001,R2,C0067,2123.68,3,1316.11
O000578,2025-02-19,P001,R4,C0112,4402.42,5,2678.79
O000579,2025-05-08,P003,R2,C0080,1526.39,4,1087.14
O000580,2025-11-06,P005,R4,C0077,2883.28,3,1852.57
O000581,2025-08-27,P002,R1,C0026,196.96,4,115.36
O000582,2025-06-19,P007,R1,C0113,3383.66,3,2023.1
O000583,2025-06-28,P002,R1,C0115,101.06,2,59.14
O000584,2025-11-25,P007,R4,C0030,9704.86,9,7629.99
O000585,2025-05-08,P007,R1,C0055,6740.83,6,5056.81
O000586,2024-05-17,P005,R1,C0037,7762.85,8,6177.08
O000587,2025-09-04,P007,R1,C0074,5080.94,5,3767.37
O000588,2025-06-19,P002,R3,C0053,401.83,9,292.02
O000589,2025-01-05,P002,R3,C0110,149.5,3,105.85
O000590,2025-07-02,P007,R4,C0097,6777.57,6,5542.6
O000591,2024-07-27,P007,R3,C0072,10581.29,9,7198.09
O000592,2025-07-22,P008,R4,C0095,703.13,5,496.39
O000593,2024-05-21,P002,R2,C0013,200.35,4,148.02
O000594,2024-08-07,P007,R1,C0021,7081.66,6,5068.96
O000595,2025-02-02,P001,R4,C0012,1712.95,2,1160.27
O000596,2024-03-06,P005,R4,C0120,3530.23,4,2522.13
O000597,2025-02-14,P005,R4,C0057,1010.33,1,779.43
O000598,2024-01-11,P004,R2,C0079,2477.82,9,1385.29
O000599,2024-06-22,P001,R2,C0012,4460.37,6,2453.55
O000600,2024-10-09,P007,R2,C0067,6870.55,6,4530.93
O000601,2024-01-16,P002,R3,C0045,102.72,2,76.64
O000602,2024-10-10,P004,R1,C0034,1149.08,4,757.32
O000603,2024-06-28,P007,R3,C0044,8946.41,9,5095.38
O000604,2024-04-29,P005,R4,C0049,8827.8,9,6225.55
O000605,2025-07-30,P008,R4,C0088,534.18,4,432.44
O000606,2025-04-16,P001,R2,C0087,5756.65,8,3271.16
O000607,2025-12-19,P004,R1,C0090,1705.62,6,1100.7
O000608,2024-09-26,P004,R3,C0010,1308.2,5,957.47
O000609,2025-07-21,P003,R3,C0024,2696.89,8,1642.44
O000610,2025-11-30,P004,R2,C0112,2458.19,8,1507.88
O000611,2024-09-28,P004,R3,C0020,1077.67,4,665.37
O000612,2024-04-19,P002,R1,C0098,105.85,2,77.18
O000613,2025-07-08,P001,R3,C0063,6151.54,8,3907.23
O000614,2024-07-06,P005,R1,C0068,5946.49,7,4196.44
O000615,2025-03-09,P008,R2,C0059,1001.96,9,645.03
O000616,2024-05-03,P008,R2,C0049,788.72,6,436.31
O000617,2025-08-17,P002,R2,C0071,294.21,6,230.28
O000618,2024-09-26,P004,R3,C0024,1442.22,5,1031.96
O000619,2025-05-25,P007,R3,C0110,4311.56,4,3247.01
O000620,2025-02-14,P005,R2,C0105,6720.95,8,3934.5
O000621,2024-04-12,P005,R2,C0019,3694.26,4,2885.97
O000622,2024-06-02,P008,R3,C0101,115.74,1,79.27
O000623,2025-05-13,P005,R4,C0013,4625.38,5,3253.1
O000624,2025-12-08,P003,R1,C0058,328.64,1,203.32
O000625,2024-12-08,P005,R3,C0045,5281.31,6,3699.68
O000626,2024-01-21,P007,R2,C0074,2119.31,2,1554.49
O000627,2025-08-12,P003,R4,C0100,1703.32,5,1246.42
O000628,2025-04-02,P002,R2,C0112,365.08,7,246.51
O000629,2024-06-20,P006,R1,C0011,6060.84,7,4268.91
O000630,2024-06-14,P006,R3,C0078,3203.22,4,2326.54
O000631,2025-10-22,P007,R3,C0096,6017.83,5,4578.74
O000632,2025-08-24,P008,R2,C0094,808.21,7,630.92
O000633,2024-08-28,P005,R1,C0009,1693.88,2,1113.22
O000634,2025-04-29,P001,R1,C0014,846.34,1,585.22
O000635,2024-09-25,P003,R3,C0030,732.96,2,578.36
O000636,2024-09-10,P005,R2,C0004,7515.02,8,4399.63
O000637,2024-02-05,P006,R3,C0071,5481.04,6,3705.96
O000638,2025-03-31,P003,R4,C0068,2927.93,9,2082.78
O000639,2025-10-17,P005,R1,C0057,5443.13,6,3327.52
O000640,2024-11-11,P006,R1,C0067,5528.76,7,3493.98
O000641,2024-05-19,P006,R4,C0097,4163.35,5,2299.19
O000642,2025-05-03,P005,R2,C0102,970.36,1,742.76
O000643,2024-01-08,P006,R4,C0032,3283.65,4,2302.99
O000644,2024-06-16,P007,R2,C0067,7172.58,7,4098.32
O000645,2025-09-19,P005,R3,C0053,4721.31,5,3274.82
O000646,2024-07-11,P002,R4,C0080,138.75,3,80.45
O000647,2025-04-08,P005,R1,C0069,6734.99,8,3739.51
O000648,2024-01-23,P003,R4,C0094,668.75,2,390.39
O000649,2024-01-09,P004,R3,C0054,531.45,2,363.12
O000650,2024-11-15,P008,R3,C0011,747.25,6,570.66
O000651,2024-05-29,P001,R4,C0024,4236.29,5,2411.61
O000652,2024-07-15,P005,R2,C0050,6889.56,7,4016.13
O000653,2025-03-29,P004,R1,C0067,269.16,1,201.48
O000654,2025-11-12,P004,R3,C0021,2260.96,8,1830.31
O000655,2025-10-06,P001,R3,C0026,7181.41,9,4440.94
O000656,2025-01-04,P001,R4,C0042,3542.09,4,2173.82
O000657,2024-01-16,P003,R2,C0002,1802.19,5,1183.8
O000658,2024-02-13,P008,R2,C0064,365.14,3,209.65
O000659,2024-04-03,P006,R1,C0017,748.89,1,542.22
O000660,2025-05-14,P004,R3,C0104,1947.6,6,1485.85
O000661,2025-03-25,P004,R2,C0033,303.88,1,196.52
O000662,2024-02-10,P008,R4,C0025,1019.71,8,710.27
O000663,2025-08-03,P003,R3,C0112,3060.2,9,2288.26
O000664,2025-09-05,P003,R3,C0070,711.65,2,477.75
O000665,2025-01-10,P008,R2,C0114,134.11,1,92.08
O000666,2024-01-20,P006,R4,C0025,3209.13,4,1819.9
O000667,2025-06-20,P008,R4,C0083,1035.49,9,648.68
O000668,2024-11-25,P002,R2,C0023,102.07,2,57.98
O000669,2024-02-02,P004,R4,C0085,578.88,2,333.82
O000670,2025-05-16,P005,R1,C0002,881.56,1,629.09
O000671,2024-08-01,P008,R3,C0072,249.35,2,180.16
O000672,2025-03-01,P006,R1,C0094,905.2,1,562.83
O000673,2024-03-13,P005,R1,C0013,2020.17,2,1635.04
O000674,2024-08-24,P007,R2,C0072,4069.14,4,2959.72
O000675,2025-07-25,P007,R4,C0090,2342.01,2,1652.69
O000676,2025-11-12,P007,R4,C0065,2020.46,2,1209.66
O000677,2024-12-11,P003,R3,C0116,3564.67,9,2386.95
O000678,2024-11-18,P006,R3,C0078,4926.21,6,3551.67
O000679,2024-09-03,P004,R3,C0047,2165.1,7,1732.21
O000680,2025-04-08,P008,R3,C0077,772.36,7,432.03
O000681,2024-01-17,P003,R2,C0110,1553.21,5,1267.09
O000682,2024-11-18,P001,R2,C0013,4375.18,5,3010.31
O000683,2024-02-08,P008,R2,C0030,690.69,6,429.3
O000684,2024-09-19,P005,R2,C0094,1853.86,2,1304.46
O000685,2024-03-20,P006,R1,C0077,6176.32,8,4773.93
O000686,2025-10-19,P005,R1,C0100,962.56,1,679.18
O000687,2024-02-27,P006,R1,C0112,5500.13,6,3670.03
O000688,2024-08-20,P001,R3,C0070,4952.84,7,3425.3
O000689,2025-08-01,P003,R1,C0087,2120.1,6,1292.45
O000690,2025-02-06,P008,R4,C0019,1017.83,9,678.51
O000691,2024-05-15,P006,R4,C0034,1668.06,2,1253.11
O000692,2024-03-28,P007,R2,C0062,9738.18,9,7190.92
O000693,2025-07-26,P004,R2,C0032,2264.47,8,1594.77
O000694,2024-03-14,P005,R1,C0015,6104.12,7,4880.35
O000695,2025-11-18,P007,R3,C0077,7444.19,7,4477.18
O000696,2025-11-02,P001,R4,C0080,3649.2,5,2351.63
O000697,2024-05-29,P008,R3,C0020,138.66,1,85.0
O000698,2024-03-28,P002,R2,C0112,47.57,1,34.14
O000699,2024-10-21,P001,R4,C0061,4988.45,6,2893.53
O000700,2024-01-24,P006,R3,C0071,3552.34,4,2157.0
O000701,2025-05-09,P003,R1,C0033,342.52,1,272.18
O000702,2024-06-23,P001,R3,C0007,3679.64,5,2715.8
O000703,2025-04-21,P001,R3,C0111,1544.64,2,962.7
O000704,2024-04-20,P001,R2,C0049,4325.12,5,3137.19
O000705,2025-06-04,P002,R1,C0024,303.35,6,215.75
O000706,2024-07-22,P008,R2,C0119,1248.49,9,693.91
O000707,2025-06-26,P005,R1,C0045,5454.17,6,4096.0
O000708,2025-12-01,P006,R3,C0104,5187.59,6,3184.01
O000709,2024-03-04,P005,R1,C0072,6986.26,7,5379.5
O000710,2024-10-13,P004,R2,C0012,837.8,3,549.65
O000711,2025-01-26,P004,R3,C0117,1904.56,7,1126.06
O000712,2025-09-11,P006,R2,C0075,6780.92,8,4108.05
O000713,2025-07-08,P004,R2,C0056,830.83,3,615.14
O000714,2024-05-28,P003,R1,C0024,1895.51,6,1315.29
O000715,2024-11-21,P003,R4,C0053,376.01,1,296.16
O000716,2024-11-06,P008,R2,C0024,574.94,5,345.39
O000717,2024-01-27,P005,R1,C0046,3730.73,4,2284.5
O000718,2024-03-22,P008,R3,C0024,377.18,3,269.03
O000719,2025-01-31,P008,R1,C0053,916.36,8,551.81
O000720,2024-01-16,P005,R2,C0097,5947.21,7,4348.97
O000721,2024-07-28,P002,R4,C0089,168.1,3,137.19
O000722,2024-11-28,P008,R4,C0093,493.74,4,375.03
O000723,2024-11-16,P007,R1,C0067,9957.2,9,7830.95
O000724,2024-04-21,P008,R2,C0067,1085.41,8,609.41
O000725,2025-07-04,P007,R1,C0025,1115.06,1,768.67
O000726,2024-10-25,P008,R3,C0060,962.05,7,730.09
O000727,2024-06-19,P007,R2,C0060,5649.66,5,3190.52
O000728,2025-10-23,P008,R2,C0051,264.96,2,153.82
O000729,2025-02-27,P006,R2,C0113,5934.05,8,3990.61
O000730,2025-04-10,P002,R2,C0092,242.85,5,176.09
O000731,2024-05-06,P002,R1,C0068,106.6,2,76.88
O000732,2025-12-25,P007,R4,C0006,10166.82,9,6030.68
O000733,2024-06-23,P006,R1,C0054,2309.5,3,1360.4
O000734,2024-11-11,P005,R2,C0026,6914.56,8,4140.36
O000735,2024-01-04,P005,R1,C0078,902.07,1,704.48
O000736,2025-05-20,P004,R4,C0057,1187.08,4,805.37
O000737,2024-03-22,P001,R2,C0007,3471.53,4,2170.02
O000738,2024-07-08,P003,R1,C0086,366.35,1,205.12
O000739,2025-08-14,P005,R4,C0023,6028.2,6,3395.31
O000740,2024-06-14,P005,R3,C0120,7556.12,9,5084.82
O000741,2024-02-06,P002,R1,C0098,242.77,5,192.35
O000742,2025-03-13,P002,R3,C0043,251.93,5,146.86
O000743,2025-06-23,P007,R1,C0014,9195.95,9,5576.83
O000744,2025-08-08,P002,R3,C0055,428.17,8,305.41
O000745,2025-09-15,P006,R3,C0119,4220.84,5,3455.42
O000746,2024-05-12,P008,R2,C0114,1194.11,9,817.24
O000747,2025-09-16,P004,R1,C0060,1622.14,5,892.87
O000748,2025-10-02,P002,R4,C0006,217.82,4,178.55
O000749,2024-12-07,P006,R2,C0089,8114.38,9,4928.12
O000750,2024-10-15,P005,R3,C0099,1737.08,2,1193.04
O000751,2024-01-07,P002,R1,C0107,292.71,6,218.24
O000752,2024-06-28,P004,R4,C0118,1884.75,6,1505.94
O000753,2025-04-30,P001,R3,C0060,2370.9,3,1705.49
O000754,2025-02-27,P001,R3,C0072,6795.27,9,5067.51
O000755,2025-07-02,P001,R3,C0009,3235.48,4,2069.3
O000756,2024-06-01,P005,R2,C0074,875.52,1,570.24
O000757,2025-09-12,P007,R3,C0091,3375.36,3,2644.39
O000758,2024-11-18,P001,R2,C0048,3886.03,5,2658.84
O000759,2025-04-07,P005,R3,C0101,3667.38,4,2190.36
O000760,2024-02-08,P004,R4,C0116,572.98,2,319.0
O000761,2025-05-27,P003,R3,C0100,1357.49,4,923.82
O000762,2024-12-01,P003,R2,C0027,761.78,2,611.91
O000763,2024-02-07,P008,R1,C0040,925.42,7,639.5
O000764,2024-02-15,P002,R3,C0003,302.03,6,169.88
O000765,2025-08-14,P005,R3,C0069,3485.82,4,2098.42
O000766,2024-11-22,P008,R1,C0002,237.37,2,140.65
O000767,2025-09-29,P002,R3,C0019,205.1,4,143.23
O000768,2025-12-22,P005,R3,C0070,3352.81,4,2125.92
O000769,2025-03-30,P001,R1,C0014,2108.05,3,1673.56
O000770,2025-01-27,P001,R4,C0079,1559.29,2,932.96
O000771,2024-12-30,P005,R1,C0119,5890.92,6,4373.91
O000772,2025-04-21,P003,R4,C0013,760.18,2,606.86
O000773,2025-04-11,P005,R2,C0111,7237.76,8,5832.27
O000774,2025-09-23,P005,R3,C0101,5323.67,6,3933.64
O000775,2024-11-28,P008,R3,C0062,890.07,8,603.77
O000776,2025-04-17,P003,R2,C0066,1881.11,5,1341.61
O000777,2024-04-15,P007,R3,C0069,2105.78,2,1527.43
O000778,2025-04-17,P007,R2,C0062,7206.34,7,4437.64
O000779,2025-01-28,P002,R4,C0101,282.82,6,208.55
O000780,2025-03-21,P006,R1,C0095,7908.28,9,4719.13
O000781,2025-12-29,P008,R1,C0106,256.96,2,173.44
O000782,2025-03-31,P003,R1,C0088,1962.05,5,1116.0
O000783,2025-09-02,P007,R1,C0028,6588.36,6,4797.94
O000784,2024-05-22,P001,R3,C0050,2475.1,3,1664.02
O000785,2025-09-22,P008,R3,C0073,466.54,4,367.12
O000786,2025-11-26,P005,R1,C0075,6717.71,7,5354.56
O000787,2024-01-09,P007,R1,C0001,3582.39,3,2030.68
O000788,2025-12-21,P006,R2,C0056,1825.79,2,1430.93
O000789,2025-12-20,P007,R4,C0070,6938.31,6,4576.71
O000790,2024-08-04,P003,R3,C0108,2576.44,8,1803.41
O000791,2025-03-03,P003,R2,C0002,1979.95,5,1447.18
O000792,2024-03-14,P001,R4,C0018,2510.22,3,1710.49
O000793,2024-03-27,P003,R4,C0080,2689.15,7,2127.84
O000794,2024-07-03,P008,R4,C0046,1109.96,9,856.24
O000795,2024-08-19,P003,R2,C0092,2535.05,7,1789.86
O000796,2025-05-28,P005,R1,C0005,7042.52,7,4969.31
O000797,2025-08-04,P008,R1,C0019,682.8,6,464.31
O000798,2025-06-23,P005,R1,C0032,7320.27,8,5060.55
O000799,2025-04-28,P002,R1,C0116,489.94,9,310.81
O000800,2024-12-17,P001,R3,C0054,6279.86,8,4990.2
O000801,2024-12-27,P005,R3,C0094,4186.83,5,3088.47
O000802,2025-07-31,P005,R1,C0085,940.0,1,663.73
O000803,2024-10-25,P001,R1,C0109,3954.66,5,2310.48
O000804,2024-10-11,P005,R3,C0002,2811.01,3,1754.94
O000805,2024-04-24,P003,R2,C0034,1100.56,3,715.18
O000806,2025-12-18,P004,R1,C0044,2142.89,8,1483.73
O000807,2024-03-27,P003,R4,C0099,1146.67,3,863.72
O000808,2025-01-27,P004,R3,C0007,2451.89,8,1459.28
O000809,2025-10-19,P005,R4,C0039,1623.62,2,1096.4
O000810,2025-05-02,P004,R3,C0019,2124.33,7,1392.11
O000811,2025-06-27,P007,R4,C0087,1042.94,1,798.13
O000812,2024-11-19,P001,R4,C0079,1749.53,2,1263.34
O000813,2025-10-29,P005,R3,C0084,5161.31,6,3956.79
O000814,2025-08-21,P007,R2,C0067,9382.77,8,7058.23
O000815,2024-12-11,P003,R1,C0002,2143.47,6,1568.28
O000816,2025-02-25,P002,R2,C0093,412.61,9,276.62
O000817,2024-10-17,P005,R1,C0077,3230.81,4,2317.26
O000818,2025-11-03,P004,R2,C0049,610.43,2,355.51
O000819,2025-11-03,P003,R4,C0085,739.99,2,457.61
O000820,2024-03-18,P008,R3,C0033,669.55,5,493.39
O000821,2024-06-14,P002,R3,C0008,270.89,5,176.99
O000822,2024-09-21,P005,R2,C0079,2694.17,3,1839.48
O000823,2025-02-06,P003,R4,C0028,2555.33,8,1778.43
O000824,2025-09-20,P002,R1,C0010,427.31,8,246.94
O000825,2025-08-08,P005,R1,C0120,6434.45,8,4403.6
O000826,2024-02-08,P007,R4,C0074,5030.76,5,3214.93
O000827,2024-01-04,P008,R1,C0070,989.56,8,769.77
O000828,2024-08-19,P001,R4,C0016,6172.75,7,4758.29
O000829,2025-08-03,P006,R1,C0047,5257.09,6,3460.04
O000830,2025-07-01,P006,R3,C0083,1817.58,2,1372.86
O000831,2024-07-26,P003,R2,C0039,2821.18,9,1844.27
O000832,2025-12-13,P007,R1,C0114,2269.24,2,1468.2
O000833,2025-10-09,P008,R2,C0063,458.48,4,276.07
O000834,2025-02-02,P002,R4,C0003,472.71,9,323.77
O000835,2024-02-07,P006,R4,C0016,805.77,1,600.04
O000836,2024-08-04,P008,R1,C0005,1034.06,9,730.48
O000837,2024-05-24,P008,R1,C0032,124.77,1,99.55
O000838,2025-12-19,P003,R3,C0106,324.91,1,183.08
O000839,2024-04-09,P008,R1,C0015,407.8,3,231.33
O000840,2025-05-24,P004,R4,C0042,624.09,2,415.07
O000841,2024-05-03,P003,R1,C0076,2292.72,6,1751.95
O000842,2024-06-26,P006,R4,C0022,1522.73,2,895.57
O000843,2025-12-14,P006,R1,C0018,6933.81,9,4269.73
O000844,2024-04-12,P007,R1,C0001,2909.05,3,1982.46
O000845,2024-07-02,P002,R4,C0089,248.55,5,190.89
O000846,2024-05-09,P004,R4,C0031,901.14,3,622.9
O000847,2024-06-27,P001,R1,C0081,2507.82,3,1793.73
O000848,2024-11-04,P006,R1,C0068,5163.16,7,3168.23
O000849,2024-04-07,P006,R2,C0036,7564.64,9,5108.69
O000850,2024-02-24,P004,R4,C0064,622.98,2,457.9
O000851,2024-06-29,P003,R2,C0056,314.73,1,204.05
O000852,2024-09-14,P006,R2,C0021,5964.18,8,4472.61
O000853,2024-01-30,P008,R4,C0076,1024.99,9,811.46
O000854,2025-08-16,P006,R3,C0030,5441.3,7,3987.11
O000855,2024-04-22,P006,R2,C0049,3026.9,4,2267.73
O000856,2024-08-13,P002,R4,C0019,414.41,8,234.01
O000857,2024-08-09,P008,R2,C0081,366.61,3,215.14
O000858,2025-01-02,P005,R1,C0036,3499.16,4,1954.86
O000859,2024-05-19,P002,R3,C0029,401.88,8,239.61
O000860,2024-10-29,P003,R2,C0012,1079.62,3,754.92
O000861,2025-02-25,P008,R3,C0002,513.85,4,398.74
O000862,2025-03-14,P004,R2,C0117,1112.96,4,786.26
O000863,2025-08-10,P001,R4,C0094,6208.03,7,3481.56
O000864,2025-05-31,P001,R1,C0058,5599.36,7,3804.22
O000865,2025-05-22,P004,R4,C0028,589.24,2,326.06
O000866,2024-05-15,P006,R1,C0062,3927.89,5,3219.76
O000867,2025-11-16,P005,R1,C0059,2869.36,3,2242.8
O000868,2025-04-19,P003,R4,C0091,2282.05,7,1792.14
O000869,2025-10-10,P001,R1,C0038,1543.18,2,1136.56
O000870,2025-03-12,P005,R1,C0080,8351.88,9,5060.65
O000871,2024-12-09,P001,R1,C0015,7921.0,9,5799.41
O000872,2025-01-27,P006,R2,C0083,6906.81,8,4480.48
O000873,2025-07-26,P002,R3,C0031,480.05,9,290.56
O000874,2025-07-06,P002,R2,C0097,429.49,8,323.46
O000875,2024-08-18,P006,R4,C0036,5522.4,6,3788.16
O000876,2024-02-25,P002,R1,C0061,292.99,6,199.61
O000877,2025-12-27,P005,R1,C0025,7505.19,8,5748.78
O000878,2025-04-13,P002,R1,C0014,98.79,2,59.1
O000879,2024-06-17,P005,R2,C0067,1910.14,2,1306.55
O000880,2025-10-04,P001,R2,C0061,3888.61,5,2855.21
O000881,2024-12-21,P007,R2,C0009,9306.73,8,5172.68
O000882,2024-01-23,P004,R3,C0084,2706.52,9,1789.43
O000883,2025-10-23,P006,R4,C0059,6864.61,8,5067.13
O000884,2024-11-07,P003,R4,C0048,1624.35,5,1007.43
O000885,2024-10-22,P001,R2,C0080,2296.33,3,1545.66
O000886,2024-06-13,P005,R2,C0021,3049.32,3,2368.16
O000887,2024-08-31,P002,R4,C0034,56.86,1,40.09
O000888,2025-01-13,P003,R3,C0045,1434.1,4,802.19
O000889,2024-05-31,P006,R3,C0016,6777.04,8,4024.89
O000890,2024-01-26,P007,R3,C0020,9372.83,8,7553.59
O000891,2024-01-05,P006,R2,C0103,4168.17,5,2618.67
O000892,2025-08-01,P008,R1,C0018,788.71,6,589.59
O000893,2025-11-25,P002,R2,C0058,224.33,5,160.78
O000894,2024-12-31,P002,R2,C0101,271.44,6,196.29
O000895,2024-10-11,P004,R1,C0066,260.97,1,203.39
O000896,2025-02-07,P004,R1,C0117,2220.51,8,1584.05
O000897,2025-11-13,P006,R3,C0050,5368.53,7,4190.28
O000898,2025-01-16,P001,R4,C0112,3819.27,5,2418.3
O000899,2025-07-28,P002,R4,C0103,214.27,4,143.55
O000900,2025-03-29,P005,R4,C0094,2937.61,3,2385.33
O000901,2025-02-28,P003,R3,C0009,644.9,2,407.49
O000902,2025-08-27,P007,R3,C0054,1934.54,2,1397.66
O000903,2024-06-28,P008,R3,C0071,349.31,3,270.62
O000904,2025-05-17,P001,R4,C0029,4293.34,5,2713.64
O000905,2024-01-28,P001,R4,C0016,2243.79,3,1813.27
O000906,2025-10-31,P005,R2,C0004,5880.02,7,4673.64
O000907,2024-05-02,P005,R3,C0075,8169.09,8,4640.17
O000908,2025-05-07,P007,R1,C0048,5669.58,5,3846.99
O000909,2025-06-08,P001,R3,C0060,3643.0,5,2061.2
O000910,2025-12-10,P003,R4,C0082,1944.86,6,1212.86
O000911,2024-12-30,P001,R1,C0066,3767.71,5,2722.23
O000912,2024-07-17,P003,R3,C0112,723.3,2,430.46
O000913,2024-11-19,P005,R1,C0069,4762.41,5,3504.44
O000914,2025-08-16,P006,R3,C0100,2217.89,3,1530.14
O000915,2025-05-11,P007,R2,C0020,7274.84,6,4321.38
O000916,2025-05-30,P004,R1,C0054,1245.53,4,872.91
O000917,2025-04-16,P002,R4,C0045,109.39,2,87.44
O000918,2024-11-15,P006,R3,C0023,2711.54,3,2142.73
O000919,2025-12-27,P005,R2,C0110,965.6,1,562.0
O000920,2025-12-11,P003,R1,C0055,1346.23,4,816.7
O000921,2025-12-08,P002,R4,C0006,89.58,2,60.98
O000922,2024-07-20,P002,R1,C0061,54.38,1,37.45
O000923,2024-05-01,P005,R1,C0101,814.86,1,595.05
O000924,2024-05-06,P004,R1,C0019,1072.57,4,691.72
O000925,2024-10-11,P006,R2,C0065,4617.08,6,3163.49
O000926,2025-08-06,P002,R2,C0092,109.41,2,82.72
O000927,2024-07-15,P005,R1,C0119,3001.62,3,2086.2
O000928,2024-08-07,P008,R1,C0024,790.36,6,474.2
O000929,2024-12-29,P007,R1,C0098,7160.72,7,4378.35
O000930,2024-11-17,P002,R3,C0091,367.4,8,215.55
O000931,2024-10-22,P001,R3,C0059,1521.2,2,884.19
O000932,2025-09-06,P005,R4,C0025,6802.71,8,4489.56
O000933,2024-03-12,P008,R4,C0087,694.96,6,569.63
O000934,2024-04-17,P007,R1,C0019,8845.34,8,6480.63
O000935,2025-02-08,P007,R2,C0009,2328.68,2,1841.88
O000936,2025-01-07,P004,R4,C0016,1615.44,6,1256.63
O000937,2024-08-26,P007,R3,C0097,8321.52,8,6179.92
O000938,2025-10-21,P007,R4,C0063,6558.64,6,4675.36
O000939,2025-06-07,P005,R3,C0063,2912.49,3,1686.83
O000940,2025-05-24,P004,R1,C0064,771.47,3,577.99
O000941,2025-11-25,P001,R2,C0039,2313.47,3,1696.66
O000942,2025-09-28,P002,R4,C0102,105.48,2,72.82
O000943,2025-04-22,P004,R3,C0070,1509.79,5,1030.23
O000944,2024-12-17,P001,R1,C0050,888.9,1,700.13
O000945,2025-04-05,P006,R2,C0072,5790.53,7,3241.05
O000946,2025-11-06,P005,R4,C0063,2728.12,3,1599.53
O000947,2024-04-22,P008,R4,C0072,1182.02,9,832.73
O000948,2024-06-09,P001,R4,C0079,5236.48,7,3715.71
O000949,2025-11-23,P006,R1,C0017,4011.19,5,2236.64
O000950,2025-01-10,P006,R4,C0013,893.24,1,642.05
O000951,2025-03-14,P006,R2,C0032,4925.71,6,2784.21
O000952,2024-08-28,P005,R3,C0015,2004.96,2,1138.19
O000953,2024-12-11,P003,R4,C0073,356.45,1,199.64
O000954,2025-06-11,P007,R1,C0041,4854.82,5,3285.83
O000955,2025-01-21,P007,R1,C0089,6714.26,6,5158.22
O000956,2025-11-22,P004,R3,C0022,1741.46,6,1339.35
O000957,2025-09-21,P005,R1,C0108,6093.61,6,3683.43
O000958,2025-07-02,P004,R4,C0103,1369.18,5,862.96
O000959,2024-08-19,P002,R4,C0055,103.77,2,64.73
O000960,2024-08-02,P006,R3,C0056,1739.96,2,1098.78
O000961,2025-11-10,P006,R4,C0086,3285.76,4,2030.08
O000962,2025-07-14,P003,R2,C0074,364.15,1,251.04
O000963,2025-05-26,P004,R4,C0120,2192.27,8,1583.35
O000964,2025-08-02,P001,R2,C0020,6623.28,9,4469.86
O000965,2025-12-02,P005,R1,C0082,6239.24,7,4880.65
O000966,2024-07-27,P007,R3,C0088,5932.03,5,4297.35
O000967,2025-09-07,P004,R1,C0032,1903.63,7,1124.07
O000968,2024-11-13,P008,R1,C0026,1019.91,8,681.05
O000969,2024-06-12,P005,R3,C0085,2419.84,3,1846.85
O000970,2025-07-17,P003,R1,C0008,393.09,1,267.76
O000971,2024-03-26,P006,R4,C0115,4570.53,5,3625.14
O000972,2025-01-07,P002,R2,C0031,393.63,7,293.47
O000973,2024-04-24,P002,R3,C0064,475.02,9,335.7
O000974,2024-04-02,P004,R4,C0104,619.66,2,393.25
O000975,2024-08-29,P007,R3,C0057,4016.75,4,2399.17
O000976,2025-02-22,P005,R1,C0041,909.12,1,591.99
O000977,2025-07-12,P007,R2,C0047,9188.79,8,7443.79
O000978,2025-05-01,P006,R1,C0108,3704.86,5,3004.78
O000979,2025-11-09,P001,R3,C0116,2984.21,4,1951.27
O000980,2025-12-02,P002,R4,C0002,497.61,9,388.91
O000981,2025-02-06,P005,R2,C0039,4100.98,5,3166.49
O000982,2024-08-03,P003,R4,C0102,2915.66,8,2295.95
O000983,2024-02-04,P005,R4,C0095,1966.2,2,1580.69
O000984,2025-02-26,P006,R2,C0090,6412.48,7,4947.0
O000985,2024-09-24,P002,R3,C0059,298.61,6,223.03
O000986,2025-12-12,P001,R4,C0102,821.26,1,492.44
O000987,2025-10-18,P003,R3,C0074,344.59,1,247.98
O000988,2024-03-25,P002,R2,C0109,142.95,3,106.16
O000989,2025-08-31,P007,R2,C0034,6519.48,6,5123.31
O000990,2024-06-26,P006,R2,C0051,3886.56,5,2572.57
O000991,2025-01-21,P004,R2,C0117,322.22,1,257.53
O000992,2024-04-01,P008,R1,C0052,473.42,4,369.26
O000993,2025-09-24,P007,R2,C0073,5027.61,5,4065.67
O000994,2024-04-30,P001,R4,C0106,7031.95,9,5614.29
O000995,2025-11-20,P008,R3,C0037,234.42,2,141.79
O000996,2025-05-21,P007,R2,C0106,3243.5,3,1964.86
O000997,2024-10-16,P004,R1,C0038,1874.81,7,1432.29
O000998,2024-09-25,P004,R4,C0011,2554.66,8,1660.02
O000999,2024-01-11,P008,R4,C0088,411.12,3,334.28
O001000,2024-08-05,P007,R1,C0072,8140.37,7,5040.36
O001001,2024-03-01,P001,R3,C0078,5264.1,6,3564.59
O001002,2025-11-17,P001,R3,C0051,746.18,1,535.24
O001003,2025-11-18,P006,R2,C0034,2804.25,3,1966.01
O001004,2024-06-22,P008,R3,C0091,823.42,6,482.21
O001005,2025-06-27,P007,R2,C0064,3106.0,3,1971.01
O001006,2024-10-14,P006,R3,C0067,5561.87,7,4375.93
O001007,2024-11-16,P007,R2,C0072,3150.36,3,2578.67
O001008,2025-11-04,P008,R2,C0005,116.12,1,65.58
O001009,2025-04-26,P005,R4,C0006,2871.13,3,1917.44
O001010,2025-03-28,P006,R2,C0016,7523.5,9,5139.35
O001011,2024-12-23,P002,R2,C0096,221.22,4,132.46
O001012,2025-06-04,P005,R2,C0054,3719.34,4,3021.37
O001013,2024-03-19,P004,R1,C0037,2424.07,8,1914.02
O001014,2025-11-28,P002,R1,C0108,344.28,7,275.72
O001015,2024-11-27,P003,R4,C0059,317.06,1,245.5
O001016,2025-10-05,P005,R4,C0042,873.35,1,490.68
O001017,2025-08-05,P003,R3,C0042,1537.73,4,1178.55
O001018,2024-02-26,P002,R4,C0033,507.07,9,331.1
O001019,2024-07-01,P004,R2,C0050,1829.59,7,1427.32
O001020,2025-02-16,P005,R4,C0095,2480.82,3,1693.23
O001021,2024-11-13,P003,R2,C0063,2204.4,6,1707.65
O001022,2025-04-01,P007,R1,C0097,8299.98,8,5910.35
O001023,2025-03-08,P006,R1,C0066,2476.47,3,1646.91
O001024,2024-12-15,P008,R4,C0068,520.71,4,386.72
O001025,2025-10-06,P002,R4,C0039,251.77,5,143.86
O001026,2024-06-01,P003,R3,C0073,1912.8,5,1322.19
O001027,2024-02-18,P002,R4,C0013,50.91,1,35.02
O001028,2025-04-20,P005,R1,C0015,5140.69,6,2940.87
O001029,2025-11-08,P008,R1,C0011,403.28,3,313.58
O001030,2025-03-02,P005,R4,C0080,5583.89,6,3757.12
O001031,2024-09-28,P006,R3,C0112,2339.55,3,1336.16
O001032,2025-11-20,P002,R1,C0002,358.21,7,197.58
O001033,2024-06-24,P008,R4,C0039,1052.27,8,825.58
O001034,2025-09-25,P006,R2,C0002,6309.17,7,3619.33
O001035,2024-07-14,P002,R1,C0027,53.17,1,31.95
O001036,2025-05-07,P003,R2,C0012,1390.45,4,999.78
O001037,2024-11-04,P008,R2,C0116,374.57,3,208.22
O001038,2024-06-05,P008,R2,C0026,998.25,8,780.78
O001039,2024-10-28,P007,R4,C0054,1055.03,1,609.51
O001040,2025-05-22,P005,R4,C0030,908.49,1,618.91
O001041,2024-03-03,P001,R3,C0115,5660.74,7,3959.0
O001042,2025-10-25,P007,R3,C0058,7974.85,8,5726.96
O001043,2025-12-15,P007,R4,C0045,1008.76,1,752.61
O001044,2025-03-24,P004,R3,C0118,2435.55,9,1937.36
O001045,2025-09-08,P008,R4,C0054,412.19,3,307.17
O001046,2025-11-20,P006,R2,C0037,7202.49,8,5603.71
O001047,2025-12-08,P002,R4,C0013,369.26,8,222.98
O001048,2025-03-01,P008,R1,C0046,587.62,5,411.54
O001049,2024-09-24,P006,R1,C0104,2317.23,3,1812.2
O001050,2024-03-06,P006,R2,C0063,5319.86,7,3251.53
O001051,2024-09-21,P006,R3,C0115,5364.56,6,4065.94
O001052,2024-06-03,P002,R4,C0108,56.03,1,37.44
O001053,2024-04-23,P002,R1,C0022,109.51,2,61.47
O001054,2025-10-07,P002,R3,C0091,223.34,4,132.31
O001055,2025-03-28,P008,R2,C0016,230.12,2,149.17
O001056,2024-07-25,P008,R4,C0044,937.34,7,517.2
O001057,2024-10-20,P003,R4,C0047,665.98,2,494.89
O001058,2025-10-06,P004,R2,C0018,925.24,3,641.2
O001059,2025-03-15,P007,R3,C0004,8444.43,7,6814.63
O001060,2025-03-29,P003,R1,C0011,371.89,1,256.49
O001061,2024-12-12,P006,R1,C0051,6563.14,7,3900.92
O001062,2024-02-07,P003,R3,C0054,394.29,1,321.19
O001063,2025-02-15,P005,R3,C0116,6013.33,6,3320.16
O001064,2025-06-24,P003,R4,C0090,2439.56,7,1476.88
O001065,2024-12-19,P007,R3,C0050,4807.06,4,2753.27
O001066,2024-05-09,P005,R3,C0097,3283.06,4,2294.8
O001067,2025-10-12,P003,R3,C0031,312.48,1,239.07
O001068,2024-11-07,P007,R3,C0034,8956.01,9,5070.76
O001069,2025-10-04,P006,R1,C0058,1492.85,2,1083.45
O001070,2024-11-01,P001,R2,C0045,6101.64,8,3744.86
O001071,2024-11-02,P005,R2,C0014,2876.72,3,1985.83
O001072,2024-12-01,P004,R4,C0107,1723.43,6,1016.08
O001073,2025-02-25,P002,R4,C0028,90.66,2,71.61
O001074,2025-04-01,P002,R4,C0112,317.62,6,209.23
O001075,2024-09-27,P008,R4,C0094,986.1,7,725.8
O001076,2025-03-02,P003,R4,C0017,1060.92,3,722.37
O001077,2025-12-22,P002,R2,C0072,200.78,4,112.2
O001078,2025-01-13,P002,R3,C0006,321.47,7,208.89
O001079,2025-06-19,P003,R3,C0038,684.14,2,559.34
O001080,2025-05-12,P001,R1,C0120,2173.77,3,1541.63
O001081,2024-11-08,P005,R1,C0016,3363.31,4,2521.5
O001082,2025-07-14,P006,R3,C0073,1829.54,2,1212.52
O001083,2025-04-08,P006,R2,C0098,5837.33,7,4345.36
O001084,2024-05-21,P008,R3,C0012,1046.24,8,617.52
O001085,2025-10-01,P007,R1,C0086,7195.54,7,4725.72
O001086,2025-03-29,P005,R3,C0072,1985.21,2,1470.93
O001087,2025-10-22,P002,R1,C0073,410.52,9,331.66
O001088,2025-06-18,P004,R2,C0003,2325.29,8,1290.63
O001089,2024-10-08,P004,R4,C0011,1255.33,4,974.77
O001090,2025-06-30,P006,R1,C0044,6000.14,7,4096.28
O001091,2025-03-23,P003,R4,C0033,2185.04,7,1513.21
O001092,2024-04-03,P002,R2,C0033,102.53,2,64.29
O001093,2024-04-01,P003,R1,C0079,1960.45,5,1437.45
O001094,2024-11-29,P003,R1,C0041,371.52,1,234.23
O001095,2024-05-25,P007,R1,C0007,6208.01,6,4992.64
O001096,2024-07-26,P004,R4,C0015,1159.91,4,873.58
O001097,2024-10-02,P001,R4,C0004,4722.43,6,3116.38
O001098,2025-02-21,P004,R1,C0032,274.12,1,222.08
O001099,2025-07-22,P003,R2,C0101,1795.11,5,1203.47
O001100,2024-05-25,P006,R4,C0117,8444.52,9,6427.52
O001101,2025-07-22,P008,R3,C0084,110.36,1,74.54
O001102,2024-06-20,P001,R3,C0108,877.82,1,597.08
O001103,2025-11-27,P007,R3,C0006,7148.57,6,4342.35
O001104,2024-06-14,P002,R2,C0093,228.35,5,168.65
O001105,2025-07-23,P005,R3,C0114,5929.0,7,4069.08
O001106,2025-11-29,P006,R3,C0032,4685.6,5,3472.47
O001107,2025-11-09,P006,R3,C0003,4678.55,6,3784.61
O001108,2025-12-09,P003,R1,C0087,362.51,1,199.8
O001109,2024-06-26,P007,R4,C0069,10850.37,9,8028.09
O001110,2024-03-24,P002,R4,C0087,404.48,9,313.34
O001111,2024-05-06,P006,R2,C0108,6341.87,7,4100.97
O001112,2025-12-14,P001,R4,C0002,1573.32,2,1263.04
O001113,2024-08-14,P001,R2,C0012,4144.22,5,3072.87
O001114,2025-09-20,P005,R3,C0005,3408.81,4,2329.34
O001115,2024-10-14,P008,R4,C0015,442.2,4,360.73
O001116,2024-10-11,P008,R2,C0009,381.73,3,277.96
O001117,2025-08-25,P003,R2,C0113,642.11,2,515.01
O001118,2025-06-19,P005,R3,C0088,3954.15,4,2199.46
O001119,2025-07-27,P008,R1,C0110,139.07,1,100.56
O001120,2024-11-26,P007,R4,C0064,7272.91,7,5335.75
O001121,2025-01-05,P001,R4,C0041,2824.65,4,2253.97
O001122,2024-01-06,P007,R1,C0095,4221.03,4,3324.6
O001123,2024-08-19,P007,R3,C0040,2422.85,2,1461.36
O001124,2024-03-05,P002,R3,C0108,50.5,1,38.79
O001125,2024-09-13,P004,R1,C0106,577.21,2,466.89
O001126,2024-12-07,P004,R1,C0081,620.02,2,444.73
O001127,2025-04-02,P002,R4,C0041,113.24,2,90.31
O001128,2025-12-11,P002,R1,C0039,135.98,3,104.25
O001129,2025-09-17,P007,R1,C0038,1985.6,2,1121.99
O001130,2025-01-25,P007,R1,C0059,2262.1,2,1495.25
O001131,2025-01-28,P008,R3,C0084,961.09,7,689.29
O001132,2025-11-22,P001,R1,C0014,6377.73,8,4519.96
O001133,2024-01-13,P002,R3,C0046,223.01,4,130.24
O001134,2025-03-07,P008,R1,C0008,928.23,8,545.03
O001135,2024-05-10,P005,R3,C0040,6399.28,7,4645.62
O001136,2025-08-20,P003,R3,C0048,1051.55,3,749.65
O001137,2024-01-09,P003,R1,C0055,330.52,1,254.89
O001138,2024-12-18,P004,R1,C0044,1201.73,4,726.25
O001139,2024-07-12,P008,R3,C0079,1029.7,8,658.4
O001140,2024-11-02,P007,R1,C0064,6054.09,6,4072.35
O001141,2024-08-12,P001,R2,C0031,3325.19,4,2247.71
O001142,2025-05-07,P006,R1,C0047,5450.71,7,3269.04
O001143,2024-01-11,P002,R3,C0057,269.58,6,156.65
O001144,2024-07-18,P006,R3,C0023,936.23,1,565.26
O001145,2024-08-12,P005,R2,C0026,2626.99,3,1838.15
O001146,2024-01-23,P003,R2,C0049,1942.57,5,1079.42
O001147,2025-11-01,P002,R2,C0048,336.87,6,213.03
O001148,2025-01-16,P003,R4,C0113,3548.14,9,2907.27
O001149,2025-12-29,P002,R2,C0025,92.69,2,74.11
O001150,2025-06-29,P007,R2,C0118,6304.59,6,4198.7
O001151,2024-02-17,P004,R2,C0007,2483.04,9,1465.27
O001152,2025-10-06,P005,R4,C0027,2968.17,3,2408.56
O001153,2024-03-24,P008,R3,C0064,230.92,2,151.2
O001154,2025-06-15,P008,R4,C0092,360.58,3,234.72
O001155,2025-05-21,P008,R1,C0027,640.71,5,462.78
O001156,2024-08-12,P004,R3,C0055,2529.63,8,1661.7
O001157,2025-01-21,P003,R1,C0038,1992.0,6,1141.19
O001158,2025-03-31,P006,R3,C0055,3424.61,4,2313.73
O001159,2025-04-06,P008,R3,C0035,860.05,7,659.84
O001160,2025-01-26,P001,R1,C0046,2347.78,3,1459.66
O001161,2024-03-25,P005,R3,C0119,8226.98,9,5954.58
O001162,2024-08-21,P002,R2,C0043,90.88,2,50.92
O001163,2024-07-20,P006,R3,C0025,3993.01,5,3075.43
O001164,2025-12-23,P003,R3,C0037,3497.97,9,1931.94
O001165,2024-12-20,P007,R1,C0061,8301.37,7,6264.28
O001166,2025-10-31,P003,R2,C0061,2307.75,7,1719.97
O001167,2024-08-27,P008,R2,C0055,966.17,8,553.8
O001168,2025-12-15,P007,R1,C0048,4332.58,4,3380.69
O001169,2024-05-22,P003,R3,C0044,1956.65,5,1081.27
O001170,2024-08-18,P007,R3,C0042,8045.87,7,5301.5
O001171,2025-08-24,P001,R3,C0073,875.62,1,517.93
O001172,2025-10-06,P007,R4,C0025,7141.81,7,4681.25
O001173,2025-05-01,P002,R3,C0012,309.65,6,208.06
O001174,2024-06-24,P002,R4,C0004,420.82,9,325.36
O001175,2024-07-10,P004,R2,C0030,639.24,2,418.19
O001176,2024-10-25,P002,R2,C0042,362.16,8,249.89
O001177,2025-02-24,P007,R4,C0062,3692.68,3,2159.73
O001178,2024-03-11,P007,R4,C0105,4001.36,4,2422.95
O001179,2025-12-27,P008,R2,C0065,386.5,3,310.58
O001180,2025-12-02,P008,R4,C0009,582.56,5,476.3
O001181,2025-02-12,P004,R4,C0059,2505.17,9,1762.87
O001182,2025-04-18,P001,R4,C0045,1505.63,2,1186.24
O001183,2025-12-18,P005,R2,C0054,6554.71,7,5038.58
O001184,2024-09-12,P003,R2,C0090,2446.58,7,1947.29
O001185,2025-08-05,P002,R2,C0036,372.45,7,209.24
O001186,2025-10-05,P005,R2,C0117,1910.57,2,1423.47
O001187,2025-05-20,P007,R1,C0065,8982.06,9,5834.37
O001188,2024-11-29,P007,R1,C0060,8077.61,8,4894.95
O001189,2024-01-28,P002,R2,C0051,394.21,8,296.21
O001190,2024-02-08,P001,R3,C0086,3596.37,5,2868.56
O001191,2025-04-20,P008,R2,C0092,899.38,8,627.84
O001192,2025-03-24,P003,R2,C0108,3045.94,8,2367.37
O001193,2024-01-19,P002,R4,C0022,144.6,3,100.4
O001194,2024-03-20,P001,R2,C0092,3633.95,5,2350.02
O001195,2024-02-05,P004,R1,C0050,2435.31,8,1889.45
O001196,2025-12-07,P005,R4,C0099,6494.29,8,3580.04
O001197,2024-07-25,P004,R1,C0054,1916.6,6,1157.62
O001198,2024-01-29,P001,R1,C0029,5135.68,6,3767.48
O001199,2024-04-08,P003,R3,C0042,941.6,3,648.17
O001200,2025-07-29,P004,R4,C0016,1284.98,4,843.8
